file_name,member_id,phrase,augmentation,duration,file_path,mfcc_1_mean,mfcc_1_std,mfcc_2_mean,mfcc_2_std,mfcc_3_mean,mfcc_3_std,mfcc_4_mean,mfcc_4_std,mfcc_5_mean,mfcc_5_std,mfcc_6_mean,mfcc_6_std,mfcc_7_mean,mfcc_7_std,mfcc_8_mean,mfcc_8_std,mfcc_9_mean,mfcc_9_std,mfcc_10_mean,mfcc_10_std,mfcc_11_mean,mfcc_11_std,mfcc_12_mean,mfcc_12_std,mfcc_13_mean,mfcc_13_std,mfcc_14_mean,mfcc_14_std,mfcc_15_mean,mfcc_15_std,mfcc_16_mean,mfcc_16_std,mfcc_17_mean,mfcc_17_std,mfcc_18_mean,mfcc_18_std,mfcc_19_mean,mfcc_19_std,mfcc_20_mean,mfcc_20_std,spectral_centroid_mean,spectral_centroid_std,spectral_rolloff_mean,spectral_rolloff_std,spectral_bandwidth_mean,spectral_bandwidth_std,zero_crossing_rate_mean,zero_crossing_rate_std,rms_energy_mean,rms_energy_std,rms_energy_max,rms_energy_min,chroma_1_mean,chroma_2_mean,chroma_3_mean,chroma_4_mean,chroma_5_mean,chroma_6_mean,chroma_7_mean,chroma_8_mean,chroma_9_mean,chroma_10_mean,chroma_11_mean,chroma_12_mean,tempo,mel_spectrogram_mean,mel_spectrogram_std
carine_confirm_transactions.wav,unknown,confirm_transaction,original,2.322,C:\Users\PC\Documents\Formative2-Data-Preprocessing\dataset\audios\carine_confirm_transactions.wav,-580.0337,178.12044,18.338223,56.81647,34.966053,37.07448,-39.27616,39.876236,-14.482768,21.579855,-18.253267,20.21377,-11.433068,11.806595,-8.780412,13.96103,-5.22155,10.592114,-9.330009,11.138656,-2.42665,9.159268,-5.827831,14.63518,-2.2634428,7.901734,-5.724035,10.709471,-0.8869128,7.26688,-2.3689413,7.580285,-7.6412196,9.689732,1.3586028,8.97199,-0.13643703,6.867571,7.0149384,6.335747,3263.854194031957,1884.1789581044218,5635.273972602739,2401.0033575863795,2014.2703691355207,863.616336523536,0.24323763912671234,0.2418468562215633,0.0066674156,0.0063884994,0.017961992,0.0,0.26266938,0.17414024,0.18949555,0.29315645,0.34129307,0.30025586,0.18669717,0.20467079,0.37775064,0.58220273,0.5042273,0.2945101,[81.52173913],0.013563323,0.13468307
"carine_yes, approve.wav",unknown,yes_approve,original,1.9505,"C:\Users\PC\Documents\Formative2-Data-Preprocessing\dataset\audios\carine_yes, approve.wav",-604.00055,162.83517,25.515104,56.448635,26.03104,26.927,-39.163185,37.59178,-12.005847,19.79887,-27.220497,28.169916,-0.010515745,11.407702,-8.280677,16.102367,-9.4392,11.980198,-4.867689,9.760885,0.7537015,10.488016,0.6989642,8.69286,-0.9481075,7.257732,2.6779604,8.071833,3.2186744,7.2474723,-1.692017,6.372255,-8.137643,10.576218,3.667031,7.556122,3.0495818,10.196795,3.706198,6.46926,3105.6977924190146,2075.5597185886872,5198.002049180328,2743.516220854938,1922.1833047695807,923.8416704901483,0.24888735911885246,0.2816034140243639,0.008698445,0.014252023,0.056365434,0.0,0.21942039,0.22364713,0.3847353,0.37388617,0.24203587,0.22606552,0.26675928,0.44631404,0.57994276,0.6281018,0.42532724,0.22737019,[117.1875],0.021376984,0.23654117
Eva_confirm_transactions.wav,unknown,confirm_transaction,original,2.261375,C:\Users\PC\Documents\Formative2-Data-Preprocessing\dataset\audios\Eva_confirm_transactions.wav,-501.61768,137.46631,117.86782,67.81909,34.076656,30.526127,11.664201,23.679947,-4.078887,14.291418,7.6188374,9.318636,-3.3476737,13.077795,6.1337724,11.2759,3.0730922,9.528054,4.5670276,6.417397,5.744197,7.539508,-0.55992424,9.750741,2.4715528,7.0823536,-0.8521809,6.2300234,0.6882354,5.361775,1.1340915,6.3024116,-2.7647824,8.439438,-0.8253311,5.974882,-1.7938616,6.175742,2.3757515,4.548198,1014.8352252207712,1075.8020559199808,1848.9216549295775,2013.1028239318834,1160.184429232104,665.5682243060706,0.06539530149647887,0.07784805960129966,0.014003729,0.012035249,0.04352475,0.0,0.41518512,0.45177197,0.38934526,0.37525782,0.46217862,0.57646644,0.52810115,0.4609757,0.44293803,0.4550848,0.3884277,0.43192688,[133.92857143],0.085305326,0.9847385
"Eva_yes, approve.wav",unknown,yes_approve,original,1.493375,"C:\Users\PC\Documents\Formative2-Data-Preprocessing\dataset\audios\Eva_yes, approve.wav",-489.34372,123.489235,105.13497,65.39305,32.486942,32.379654,5.487062,21.837543,-10.8482275,17.253313,3.2411914,12.056909,-6.979387,14.335533,4.144565,7.206644,-3.3920853,12.511571,-2.3651867,10.882717,9.226274,9.871915,-3.48683,11.155434,2.2996476,4.413716,1.2001481,7.338605,3.8750694,7.638637,1.864634,5.716473,-3.2643466,8.040367,-0.1986842,5.5511274,-2.2133737,5.8472695,1.5294381,7.199261,1171.4558536427655,1468.5008907627844,1859.0425531914893,2253.7495753643934,1155.6814604425222,676.7953015505109,0.0990691489361702,0.15517939328629332,0.01541805,0.015477792,0.050056014,0.0,0.33901402,0.38826054,0.34236717,0.30483556,0.25958955,0.291141,0.4023384,0.51964194,0.50758004,0.41266838,0.33939525,0.34649056,[117.1875],0.12357466,1.5409278
carine_confirm_transactions_noise.wav,unknown,confirm_transaction,noise,2.322,C:\Users\PC\Documents\Formative2-Data-Preprocessing\dataset\audios\augmented\carine_confirm_transactions_noise.wav,-358.0946,36.393173,44.13877,33.231453,24.919405,19.466707,-3.04995,21.741112,4.724405,13.417499,-0.0695162,10.957512,3.6489873,6.543438,0.15701924,6.88587,4.6240497,6.043019,2.630253,4.754821,4.9762774,5.90709,2.1588278,7.4179554,1.8285949,4.2856793,1.6075313,5.402908,1.6821245,4.6155496,-0.78584397,3.85025,-1.0520673,4.7677016,2.000576,4.5358377,-1.0656726,3.8680165,3.788828,4.467188,3173.5791242028763,1124.3663022277146,6229.666095890411,825.4175376976598,2423.9557783148903,238.40371383294803,0.2549898330479452,0.15738396607812075,0.008010004,0.0054118703,0.018232157,0.0017224158,0.39872962,0.40833017,0.4177721,0.44708475,0.5020411,0.510662,0.41151786,0.3928957,0.51245266,0.6682929,0.6681272,0.50633085,[85.22727273],0.014671063,0.13500716
carine_confirm_transactions_pitch_shift.wav,unknown,confirm_transaction,pitch_shift,2.322,C:\Users\PC\Documents\Formative2-Data-Preprocessing\dataset\audios\augmented\carine_confirm_transactions_pitch_shift.wav,-602.9823,174.53403,24.829521,48.132732,25.795609,34.716335,-46.655155,39.094807,-14.980589,26.791914,-14.671879,19.830547,-11.282362,17.549843,-5.371304,10.652796,-8.562899,9.173257,-4.435273,9.818161,-4.07351,13.139663,-3.3932781,9.220294,-4.7438984,9.846558,-2.3288562,11.244397,-2.4178338,8.503724,-5.8027587,9.681971,3.0503309,7.4771957,5.6377554,5.139531,4.6411705,5.5266166,0.2036874,7.0346484,3119.3044053561575,1763.0287549667228,5500.3210616438355,2250.9170826348955,2041.963254749232,809.1227017769922,0.2579663420376712,0.23812311848551213,0.0038630064,0.003735921,0.012642157,0.0,0.36414927,0.2656939,0.28200418,0.20882685,0.20882173,0.35242993,0.41470852,0.35720095,0.26030162,0.24388826,0.42898294,0.5416478,[81.52173913],0.0056451056,0.060211085
carine_confirm_transactions_time_stretch.wav,unknown,confirm_transaction,time_stretch,2.1109375,C:\Users\PC\Documents\Formative2-Data-Preprocessing\dataset\audios\augmented\carine_confirm_transactions_time_stretch.wav,-602.9737,190.12776,13.095634,46.26205,40.797375,36.655743,-42.842926,39.89582,-16.715374,23.394512,-16.576836,19.735147,-12.187131,13.613781,-8.201894,14.29584,-4.257153,9.226087,-7.3798275,9.366573,-3.254365,8.89887,-5.5017295,14.788129,-3.937055,9.672613,-4.903409,9.739597,-1.0182071,7.4376774,-2.5241516,8.279351,-7.2237625,9.504957,1.6488478,10.184995,0.1739866,6.694264,8.348514,6.5571995,3650.9481185675,1594.517459800892,6317.945075757576,1931.5086801330585,2229.10783859464,827.6673274259489,0.31255178740530304,0.23708132917533373,0.0043625063,0.0037401665,0.010327432,0.0,0.24215762,0.16895142,0.17934725,0.29594582,0.36054403,0.28283143,0.16958922,0.19515929,0.41057846,0.63252723,0.49904945,0.30505207,[85.22727273],0.0048692403,0.040322367
"carine_yes, approve_noise.wav",unknown,yes_approve,noise,1.9505,"C:\Users\PC\Documents\Formative2-Data-Preprocessing\dataset\audios\augmented\carine_yes, approve_noise.wav",-370.94022,34.345654,47.027122,27.151237,21.656618,19.283384,-0.23439492,17.553028,5.3340635,15.293081,-6.145296,17.388992,6.0638056,8.099693,-0.19371869,7.440551,3.3778546,6.0549555,2.8146782,4.934274,4.7426805,4.259734,4.324522,4.1751914,3.8298745,4.5398865,4.2163463,3.2826934,2.6160262,3.683042,1.8561271,3.0956757,-1.3427002,5.488615,1.1901195,3.7902083,-0.1300907,4.280612,1.1603649,2.9966207,3114.4224599380696,1306.1156199366246,5977.587090163935,1108.8936948464082,2353.0484352397193,341.14109102699405,0.2635438012295082,0.20433323729254171,0.010061903,0.013570356,0.056376733,0.0019821434,0.44709003,0.44683114,0.47985077,0.63379204,0.52178603,0.4196362,0.44255468,0.4931878,0.62124115,0.7174397,0.7281337,0.57317734,[81.52173913],0.022377973,0.23679565
"carine_yes, approve_pitch_shift.wav",unknown,yes_approve,pitch_shift,1.9505,"C:\Users\PC\Documents\Formative2-Data-Preprocessing\dataset\audios\augmented\carine_yes, approve_pitch_shift.wav",-629.9468,157.22557,34.29969,52.592567,11.899323,23.44214,-42.169804,37.201416,-17.03602,25.656439,-22.197805,20.404394,3.1875377,15.085295,-12.318572,18.15993,-6.7140026,8.271142,1.0443498,9.329308,3.4403064,13.057774,0.7632138,6.36816,1.560928,6.503601,2.3588831,7.816915,-4.1096888,6.734501,-6.0754814,10.999276,4.0018606,7.7900724,6.2301784,11.14384,-0.5592283,6.7989135,1.9119154,6.370749,2858.3308705354452,1924.0110859678782,4992.315573770492,2682.0082491516882,1991.3568375926804,863.2608369654928,0.24251568903688525,0.28180037217027404,0.00405419,0.00536975,0.017557813,0.0,0.3933525,0.2713933,0.21402816,0.20192839,0.21154995,0.39940053,0.35381988,0.24468124,0.28695953,0.33387858,0.5855904,0.5900018,[110.29411765],0.0074876547,0.09633816
"carine_yes, approve_time_stretch.wav",unknown,yes_approve,time_stretch,1.7731875,"C:\Users\PC\Documents\Formative2-Data-Preprocessing\dataset\audios\augmented\carine_yes, approve_time_stretch.wav",-629.91064,168.9354,25.781115,54.27576,28.70117,24.624792,-41.09949,36.882927,-12.148201,19.726494,-29.122051,28.697092,1.2192165,11.379642,-7.4490075,16.274656,-9.540903,13.663542,-3.2491634,8.689601,3.0682445,10.3830385,1.8424511,8.573415,-1.2676084,7.133606,3.1573315,8.070391,4.0255747,6.0288906,-1.8070654,6.629763,-9.431787,10.371507,2.7443848,7.2176,2.8157475,9.272233,2.7549262,6.682875,3366.9891318947534,1956.5312389743162,5663.364955357143,2423.4168824470903,2074.313557543566,837.0231602626391,0.2864467075892857,0.2947129768891703,0.0059345746,0.00951054,0.0368441,0.0,0.16414997,0.14822188,0.1817976,0.40584856,0.3591579,0.20103192,0.18135452,0.22602324,0.4306747,0.5642241,0.59222317,0.32095283,[117.1875],0.008626219,0.08800744
Eva_confirm_transactions_noise.wav,unknown,confirm_transaction,noise,2.261375,C:\Users\PC\Documents\Formative2-Data-Preprocessing\dataset\audios\augmented\Eva_confirm_transactions_noise.wav,-354.58328,40.591957,76.51818,33.443222,21.183102,14.104449,12.848723,15.775625,2.3793142,11.16584,5.717017,7.5334535,0.27717227,8.691042,2.8957756,7.8576565,1.7384061,6.7066364,4.6431565,4.9759707,3.8930407,4.632108,1.3294066,5.272399,1.556169,6.02557,-0.1275699,5.1850543,0.06995773,4.335334,0.16145237,3.9687648,-2.510254,5.282563,-1.4868519,4.3446975,-1.2996598,4.1596956,0.22436929,3.6494768,1924.7036934967857,753.1123463337497,4190.360915492958,1648.9546049525536,2079.825327941824,360.6881082591794,0.1063627860915493,0.0677741740657705,0.014711313,0.011468822,0.043484274,0.0019954648,0.45968863,0.49320367,0.448146,0.45492107,0.542456,0.65840316,0.59764385,0.5139284,0.5063123,0.53638136,0.45216605,0.4717447,[156.25],0.08635121,0.9828756
Eva_confirm_transactions_pitch_shift.wav,unknown,confirm_transaction,pitch_shift,2.261375,C:\Users\PC\Documents\Formative2-Data-Preprocessing\dataset\audios\augmented\Eva_confirm_transactions_pitch_shift.wav,-510.94696,136.04305,116.40685,63.924377,30.550087,32.46272,4.311882,24.465466,-2.9807599,14.630235,8.256864,9.4348545,-3.062308,16.889286,10.923476,9.631363,0.1563697,9.118709,8.322248,9.269694,-1.0756391,7.743167,0.80575866,9.839319,-0.80457497,6.0573635,-0.27684864,6.1928787,0.5667411,5.693013,-2.9944034,7.6388755,-2.163913,6.705288,0.79485023,4.9971013,0.8346822,6.7606993,-0.6452992,4.830919,1267.5892167151112,1107.2889008137454,2367.2975352112676,2227.794936649388,1415.8679949122338,692.7340873592242,0.07770549075704225,0.08728419102726093,0.010275001,0.007976902,0.028571637,3.015783e-06,0.35372564,0.3718465,0.35528198,0.42237702,0.36300218,0.32771665,0.4110847,0.5538558,0.4781081,0.41056263,0.37492946,0.4075521,[133.92857143],0.04257408,0.48196545
Eva_confirm_transactions_time_stretch.wav,unknown,confirm_transaction,time_stretch,2.0558125,C:\Users\PC\Documents\Formative2-Data-Preprocessing\dataset\audios\augmented\Eva_confirm_transactions_time_stretch.wav,-515.166,136.66412,115.06646,63.938496,35.57595,30.302568,10.017774,25.701431,-4.3910832,14.767649,8.883435,9.903963,-4.553888,14.386264,6.1342683,12.573902,2.1130884,10.618279,5.5690784,6.6228604,6.1544156,9.225068,-0.8653353,9.677053,1.9100441,6.1660585,-1.5907326,5.8426743,0.71026087,5.09329,1.4950064,5.0894847,-3.3230667,8.323076,-0.65381986,5.719403,-2.27216,6.36307,2.5926135,4.5705533,1230.9290721452344,1052.6939963772656,2323.076923076923,2131.759976791512,1436.6264355172796,651.1817262952612,0.07243840144230769,0.08457641170871677,0.009116295,0.006782338,0.028343927,8.503224e-06,0.3907172,0.39497325,0.34676984,0.3674223,0.46686015,0.53587806,0.46721706,0.39673883,0.43194073,0.38217437,0.3844967,0.40034005,[144.23076923],0.03151643,0.33425683
"Eva_yes, approve_noise.wav",unknown,yes_approve,noise,1.493375,"C:\Users\PC\Documents\Formative2-Data-Preprocessing\dataset\audios\augmented\Eva_yes, approve_noise.wav",-356.55103,37.863865,74.85536,32.594116,23.781788,15.364411,8.456751,13.838437,0.013203276,11.300478,0.22222066,10.379534,-3.0251653,8.561838,0.02533311,6.9841866,-1.7169027,9.481218,1.5377448,5.799032,3.4863613,4.8264866,0.9272053,6.5763083,0.66721886,5.2314014,2.030713,4.0599213,1.3902041,4.210831,1.697179,3.8814993,-2.072441,5.608965,-1.3744742,4.935438,-1.8729073,4.4017096,0.9067611,5.495242,2111.4040674950456,1032.9767042325059,4364.029255319149,1922.6347877940527,2103.149240294243,413.9411628194996,0.15137757646276595,0.12528575494869396,0.015949197,0.015167762,0.05026966,0.0017061852,0.41242012,0.4178338,0.3960493,0.39260587,0.3554648,0.43430576,0.54819,0.64033186,0.620401,0.5311509,0.4660143,0.42955655,[170.45454545],0.1248078,1.5437635
"Eva_yes, approve_pitch_shift.wav",unknown,yes_approve,pitch_shift,1.493375,"C:\Users\PC\Documents\Formative2-Data-Preprocessing\dataset\audios\augmented\Eva_yes, approve_pitch_shift.wav",-509.61615,132.27565,113.50299,57.86254,26.00942,32.810905,-4.4537506,20.097582,-12.924226,19.491854,2.8329556,15.382608,-7.6445847,15.742196,5.2219048,5.910023,-9.71574,14.861778,6.8661523,6.433921,0.88308185,11.180931,-2.8731203,7.5422707,4.6370955,6.102377,1.7078217,5.122375,1.7578384,8.154434,-4.082353,8.031126,-1.1017579,4.8095727,-0.36292142,5.9177055,0.50217485,8.217183,1.2073778,4.7585983,1162.1953352661792,1013.9390170284096,2175.6981382978724,2079.824578175742,1403.9456650477632,661.9850282150737,0.07951712101063829,0.10471744242276243,0.010911702,0.009858754,0.03150058,0.0,0.2919595,0.3097333,0.34384164,0.38384613,0.31655365,0.29926562,0.294811,0.3844451,0.52862555,0.6562803,0.48623598,0.34855202,[110.29411765],0.05593894,0.60762537
"Eva_yes, approve_time_stretch.wav",unknown,yes_approve,time_stretch,1.357625,"C:\Users\PC\Documents\Formative2-Data-Preprocessing\dataset\audios\augmented\Eva_yes, approve_time_stretch.wav",-507.71048,125.8655,109.922714,60.20225,34.402103,29.961885,2.5679364,23.987411,-11.652789,14.4012165,1.6739594,13.492639,-6.9859333,13.244928,2.2531202,6.371178,-3.4771094,11.368115,-2.2126644,10.338857,8.670307,10.404521,-4.826121,10.275392,0.4507497,4.054183,1.639768,6.4891233,2.8509498,6.530426,2.4123206,5.795318,-3.8071754,8.727212,0.7640684,5.5066414,-3.1410785,5.7926106,1.8937092,6.0234027,1180.2766473719978,1108.9665153432122,2214.5712209302324,2115.9339972460293,1435.3370277868412,665.1333659781524,0.08900345203488372,0.1350166628894031,0.0098656025,0.0089427745,0.03202732,0.0,0.32328022,0.33960506,0.37112105,0.36188346,0.26601318,0.2897316,0.44545418,0.6293584,0.61079156,0.4983355,0.34964293,0.33597994,[125.],0.045701493,0.5802702
carine_confirm_transactions_pitch_shift.wav,unknown,confirm_transaction,pitch_shift,2.322,C:\Users\PC\Documents\Formative2-Data-Preprocessing\dataset\audios\augmented\carine_confirm_transactions_pitch_shift.wav,-602.9823,174.53403,24.829521,48.132732,25.795609,34.716335,-46.655155,39.094807,-14.980589,26.791914,-14.671879,19.830547,-11.282362,17.549843,-5.371304,10.652796,-8.562899,9.173257,-4.435273,9.818161,-4.07351,13.139663,-3.3932781,9.220294,-4.7438984,9.846558,-2.3288562,11.244397,-2.4178338,8.503724,-5.8027587,9.681971,3.0503309,7.4771957,5.6377554,5.139531,4.6411705,5.5266166,0.2036874,7.0346484,3119.3044053561575,1763.0287549667228,5500.3210616438355,2250.9170826348955,2041.963254749232,809.1227017769922,0.2579663420376712,0.23812311848551213,0.0038630064,0.003735921,0.012642157,0.0,0.36414927,0.2656939,0.28200418,0.20882685,0.20882173,0.35242993,0.41470852,0.35720095,0.26030162,0.24388826,0.42898294,0.5416478,[81.52173913],0.0056451056,0.060211085
carine_confirm_transactions_time_stretch.wav,unknown,confirm_transaction,time_stretch,2.1109375,C:\Users\PC\Documents\Formative2-Data-Preprocessing\dataset\audios\augmented\carine_confirm_transactions_time_stretch.wav,-602.9737,190.12776,13.095634,46.26205,40.797375,36.655743,-42.842926,39.89582,-16.715374,23.394512,-16.576836,19.735147,-12.187131,13.613781,-8.201894,14.29584,-4.257153,9.226087,-7.3798275,9.366573,-3.254365,8.89887,-5.5017295,14.788129,-3.937055,9.672613,-4.903409,9.739597,-1.0182071,7.4376774,-2.5241516,8.279351,-7.2237625,9.504957,1.6488478,10.184995,0.1739866,6.694264,8.348514,6.5571995,3650.9481185675,1594.517459800892,6317.945075757576,1931.5086801330585,2229.10783859464,827.6673274259489,0.31255178740530304,0.23708132917533373,0.0043625063,0.0037401665,0.010327432,0.0,0.24215762,0.16895142,0.17934725,0.29594582,0.36054403,0.28283143,0.16958922,0.19515929,0.41057846,0.63252723,0.49904945,0.30505207,[85.22727273],0.0048692403,0.040322367
carine_confirm_transactions_noise.wav,unknown,confirm_transaction,noise,2.322,C:\Users\PC\Documents\Formative2-Data-Preprocessing\dataset\audios\augmented\carine_confirm_transactions_noise.wav,-358.0946,36.393173,44.13877,33.231453,24.919405,19.466707,-3.04995,21.741112,4.724405,13.417499,-0.0695162,10.957512,3.6489873,6.543438,0.15701924,6.88587,4.6240497,6.043019,2.630253,4.754821,4.9762774,5.90709,2.1588278,7.4179554,1.8285949,4.2856793,1.6075313,5.402908,1.6821245,4.6155496,-0.78584397,3.85025,-1.0520673,4.7677016,2.000576,4.5358377,-1.0656726,3.8680165,3.788828,4.467188,3173.5791242028763,1124.3663022277146,6229.666095890411,825.4175376976598,2423.9557783148903,238.40371383294803,0.2549898330479452,0.15738396607812075,0.008010004,0.0054118703,0.018232157,0.0017224158,0.39872962,0.40833017,0.4177721,0.44708475,0.5020411,0.510662,0.41151786,0.3928957,0.51245266,0.6682929,0.6681272,0.50633085,[85.22727273],0.014671063,0.13500716
"carine_yes, approve_pitch_shift.wav",unknown,yes_approve,pitch_shift,1.9505,"C:\Users\PC\Documents\Formative2-Data-Preprocessing\dataset\audios\augmented\carine_yes, approve_pitch_shift.wav",-629.9468,157.22557,34.29969,52.592567,11.899323,23.44214,-42.169804,37.201416,-17.03602,25.656439,-22.197805,20.404394,3.1875377,15.085295,-12.318572,18.15993,-6.7140026,8.271142,1.0443498,9.329308,3.4403064,13.057774,0.7632138,6.36816,1.560928,6.503601,2.3588831,7.816915,-4.1096888,6.734501,-6.0754814,10.999276,4.0018606,7.7900724,6.2301784,11.14384,-0.5592283,6.7989135,1.9119154,6.370749,2858.3308705354452,1924.0110859678782,4992.315573770492,2682.0082491516882,1991.3568375926804,863.2608369654928,0.24251568903688525,0.28180037217027404,0.00405419,0.00536975,0.017557813,0.0,0.3933525,0.2713933,0.21402816,0.20192839,0.21154995,0.39940053,0.35381988,0.24468124,0.28695953,0.33387858,0.5855904,0.5900018,[110.29411765],0.0074876547,0.09633816
"carine_yes, approve_time_stretch.wav",unknown,yes_approve,time_stretch,1.7731875,"C:\Users\PC\Documents\Formative2-Data-Preprocessing\dataset\audios\augmented\carine_yes, approve_time_stretch.wav",-629.91064,168.9354,25.781115,54.27576,28.70117,24.624792,-41.09949,36.882927,-12.148201,19.726494,-29.122051,28.697092,1.2192165,11.379642,-7.4490075,16.274656,-9.540903,13.663542,-3.2491634,8.689601,3.0682445,10.3830385,1.8424511,8.573415,-1.2676084,7.133606,3.1573315,8.070391,4.0255747,6.0288906,-1.8070654,6.629763,-9.431787,10.371507,2.7443848,7.2176,2.8157475,9.272233,2.7549262,6.682875,3366.9891318947534,1956.5312389743162,5663.364955357143,2423.4168824470903,2074.313557543566,837.0231602626391,0.2864467075892857,0.2947129768891703,0.0059345746,0.00951054,0.0368441,0.0,0.16414997,0.14822188,0.1817976,0.40584856,0.3591579,0.20103192,0.18135452,0.22602324,0.4306747,0.5642241,0.59222317,0.32095283,[117.1875],0.008626219,0.08800744
"carine_yes, approve_noise.wav",unknown,yes_approve,noise,1.9505,"C:\Users\PC\Documents\Formative2-Data-Preprocessing\dataset\audios\augmented\carine_yes, approve_noise.wav",-370.94022,34.345654,47.027122,27.151237,21.656618,19.283384,-0.23439492,17.553028,5.3340635,15.293081,-6.145296,17.388992,6.0638056,8.099693,-0.19371869,7.440551,3.3778546,6.0549555,2.8146782,4.934274,4.7426805,4.259734,4.324522,4.1751914,3.8298745,4.5398865,4.2163463,3.2826934,2.6160262,3.683042,1.8561271,3.0956757,-1.3427002,5.488615,1.1901195,3.7902083,-0.1300907,4.280612,1.1603649,2.9966207,3114.4224599380696,1306.1156199366246,5977.587090163935,1108.8936948464082,2353.0484352397193,341.14109102699405,0.2635438012295082,0.20433323729254171,0.010061903,0.013570356,0.056376733,0.0019821434,0.44709003,0.44683114,0.47985077,0.63379204,0.52178603,0.4196362,0.44255468,0.4931878,0.62124115,0.7174397,0.7281337,0.57317734,[81.52173913],0.022377973,0.23679565
Eva_confirm_transactions_pitch_shift.wav,unknown,confirm_transaction,pitch_shift,2.261375,C:\Users\PC\Documents\Formative2-Data-Preprocessing\dataset\audios\augmented\Eva_confirm_transactions_pitch_shift.wav,-510.94696,136.04305,116.40685,63.924377,30.550087,32.46272,4.311882,24.465466,-2.9807599,14.630235,8.256864,9.4348545,-3.062308,16.889286,10.923476,9.631363,0.1563697,9.118709,8.322248,9.269694,-1.0756391,7.743167,0.80575866,9.839319,-0.80457497,6.0573635,-0.27684864,6.1928787,0.5667411,5.693013,-2.9944034,7.6388755,-2.163913,6.705288,0.79485023,4.9971013,0.8346822,6.7606993,-0.6452992,4.830919,1267.5892167151112,1107.2889008137454,2367.2975352112676,2227.794936649388,1415.8679949122338,692.7340873592242,0.07770549075704225,0.08728419102726093,0.010275001,0.007976902,0.028571637,3.015783e-06,0.35372564,0.3718465,0.35528198,0.42237702,0.36300218,0.32771665,0.4110847,0.5538558,0.4781081,0.41056263,0.37492946,0.4075521,[133.92857143],0.04257408,0.48196545
Eva_confirm_transactions_time_stretch.wav,unknown,confirm_transaction,time_stretch,2.0558125,C:\Users\PC\Documents\Formative2-Data-Preprocessing\dataset\audios\augmented\Eva_confirm_transactions_time_stretch.wav,-515.166,136.66412,115.06646,63.938496,35.57595,30.302568,10.017774,25.701431,-4.3910832,14.767649,8.883435,9.903963,-4.553888,14.386264,6.1342683,12.573902,2.1130884,10.618279,5.5690784,6.6228604,6.1544156,9.225068,-0.8653353,9.677053,1.9100441,6.1660585,-1.5907326,5.8426743,0.71026087,5.09329,1.4950064,5.0894847,-3.3230667,8.323076,-0.65381986,5.719403,-2.27216,6.36307,2.5926135,4.5705533,1230.9290721452344,1052.6939963772656,2323.076923076923,2131.759976791512,1436.6264355172796,651.1817262952612,0.07243840144230769,0.08457641170871677,0.009116295,0.006782338,0.028343927,8.503224e-06,0.3907172,0.39497325,0.34676984,0.3674223,0.46686015,0.53587806,0.46721706,0.39673883,0.43194073,0.38217437,0.3844967,0.40034005,[144.23076923],0.03151643,0.33425683
Eva_confirm_transactions_noise.wav,unknown,confirm_transaction,noise,2.261375,C:\Users\PC\Documents\Formative2-Data-Preprocessing\dataset\audios\augmented\Eva_confirm_transactions_noise.wav,-354.58328,40.591957,76.51818,33.443222,21.183102,14.104449,12.848723,15.775625,2.3793142,11.16584,5.717017,7.5334535,0.27717227,8.691042,2.8957756,7.8576565,1.7384061,6.7066364,4.6431565,4.9759707,3.8930407,4.632108,1.3294066,5.272399,1.556169,6.02557,-0.1275699,5.1850543,0.06995773,4.335334,0.16145237,3.9687648,-2.510254,5.282563,-1.4868519,4.3446975,-1.2996598,4.1596956,0.22436929,3.6494768,1924.7036934967857,753.1123463337497,4190.360915492958,1648.9546049525536,2079.825327941824,360.6881082591794,0.1063627860915493,0.0677741740657705,0.014711313,0.011468822,0.043484274,0.0019954648,0.45968863,0.49320367,0.448146,0.45492107,0.542456,0.65840316,0.59764385,0.5139284,0.5063123,0.53638136,0.45216605,0.4717447,[156.25],0.08635121,0.9828756
"Eva_yes, approve_pitch_shift.wav",unknown,yes_approve,pitch_shift,1.493375,"C:\Users\PC\Documents\Formative2-Data-Preprocessing\dataset\audios\augmented\Eva_yes, approve_pitch_shift.wav",-509.61615,132.27565,113.50299,57.86254,26.00942,32.810905,-4.4537506,20.097582,-12.924226,19.491854,2.8329556,15.382608,-7.6445847,15.742196,5.2219048,5.910023,-9.71574,14.861778,6.8661523,6.433921,0.88308185,11.180931,-2.8731203,7.5422707,4.6370955,6.102377,1.7078217,5.122375,1.7578384,8.154434,-4.082353,8.031126,-1.1017579,4.8095727,-0.36292142,5.9177055,0.50217485,8.217183,1.2073778,4.7585983,1162.1953352661792,1013.9390170284096,2175.6981382978724,2079.824578175742,1403.9456650477632,661.9850282150737,0.07951712101063829,0.10471744242276243,0.010911702,0.009858754,0.03150058,0.0,0.2919595,0.3097333,0.34384164,0.38384613,0.31655365,0.29926562,0.294811,0.3844451,0.52862555,0.6562803,0.48623598,0.34855202,[110.29411765],0.05593894,0.60762537
"Eva_yes, approve_time_stretch.wav",unknown,yes_approve,time_stretch,1.357625,"C:\Users\PC\Documents\Formative2-Data-Preprocessing\dataset\audios\augmented\Eva_yes, approve_time_stretch.wav",-507.71048,125.8655,109.922714,60.20225,34.402103,29.961885,2.5679364,23.987411,-11.652789,14.4012165,1.6739594,13.492639,-6.9859333,13.244928,2.2531202,6.371178,-3.4771094,11.368115,-2.2126644,10.338857,8.670307,10.404521,-4.826121,10.275392,0.4507497,4.054183,1.639768,6.4891233,2.8509498,6.530426,2.4123206,5.795318,-3.8071754,8.727212,0.7640684,5.5066414,-3.1410785,5.7926106,1.8937092,6.0234027,1180.2766473719978,1108.9665153432122,2214.5712209302324,2115.9339972460293,1435.3370277868412,665.1333659781524,0.08900345203488372,0.1350166628894031,0.0098656025,0.0089427745,0.03202732,0.0,0.32328022,0.33960506,0.37112105,0.36188346,0.26601318,0.2897316,0.44545418,0.6293584,0.61079156,0.4983355,0.34964293,0.33597994,[125.],0.045701493,0.5802702
"Eva_yes, approve_noise.wav",unknown,yes_approve,noise,1.493375,"C:\Users\PC\Documents\Formative2-Data-Preprocessing\dataset\audios\augmented\Eva_yes, approve_noise.wav",-356.55103,37.863865,74.85536,32.594116,23.781788,15.364411,8.456751,13.838437,0.013203276,11.300478,0.22222066,10.379534,-3.0251653,8.561838,0.02533311,6.9841866,-1.7169027,9.481218,1.5377448,5.799032,3.4863613,4.8264866,0.9272053,6.5763083,0.66721886,5.2314014,2.030713,4.0599213,1.3902041,4.210831,1.697179,3.8814993,-2.072441,5.608965,-1.3744742,4.935438,-1.8729073,4.4017096,0.9067611,5.495242,2111.4040674950456,1032.9767042325059,4364.029255319149,1922.6347877940527,2103.149240294243,413.9411628194996,0.15137757646276595,0.12528575494869396,0.015949197,0.015167762,0.05026966,0.0017061852,0.41242012,0.4178338,0.3960493,0.39260587,0.3554648,0.43430576,0.54819,0.64033186,0.620401,0.5311509,0.4660143,0.42955655,[170.45454545],0.1248078,1.5437635
carine_confirm_transactions_noise_pitch_shift.wav,unknown,confirm_transaction,pitch_shift,2.322,C:\Users\PC\Documents\Formative2-Data-Preprocessing\dataset\audios\augmented\carine_confirm_transactions_noise_pitch_shift.wav,-395.75024,34.570965,48.83696,29.541334,19.193598,18.665794,-4.276214,22.768488,0.81555605,14.048046,1.1308582,11.0068245,0.2763272,9.151299,4.4407187,8.752244,3.7277448,5.620108,6.3267713,4.7220335,2.7668855,6.947391,4.2283444,4.7411804,0.40161288,3.9619956,2.9721222,6.123121,-2.4134634,3.570311,0.34765923,6.29643,0.5334515,5.0975504,2.0540617,4.6654496,2.2227995,5.057473,1.7189084,5.5741835,2927.2606961067722,1011.0545994224913,5834.332191780822,995.7922286591911,2336.965285915106,246.57391856274887,0.2526554473458904,0.1668595323287986,0.0048861187,0.0031374935,0.0124594085,0.0010306971,0.5360769,0.43674177,0.37474206,0.40904665,0.4408328,0.47506824,0.55117804,0.5702476,0.43247193,0.4033295,0.51593333,0.5797,[89.28571429],0.006404339,0.06216318
carine_confirm_transactions_noise_time_stretch.wav,unknown,confirm_transaction,time_stretch,2.1109375,C:\Users\PC\Documents\Formative2-Data-Preprocessing\dataset\audios\augmented\carine_confirm_transactions_noise_time_stretch.wav,-384.86777,34.202183,41.80032,30.833368,29.137218,19.958736,-7.231023,22.877619,3.395796,13.889242,-0.40916282,11.478524,4.4267297,5.7365613,-0.32877946,6.4766965,4.509103,6.1686554,3.6940887,5.376025,5.2611127,5.9571567,1.6796176,7.8421063,0.68832844,4.019936,2.1257267,5.5975432,1.9437212,4.409546,-1.3555746,5.1609025,-1.5321537,5.4120297,2.501599,4.781683,-1.8308859,4.082479,4.4141545,4.459635,3335.1112453737896,1041.0366896382493,6476.799242424242,716.3437696032723,2493.001297251471,254.17012973823304,0.3083718039772727,0.18140295508280213,0.005612196,0.0032549012,0.011421425,0.0010293376,0.36980927,0.3788333,0.40460965,0.4430556,0.5490004,0.57047695,0.40558988,0.37448248,0.4871078,0.68486243,0.6837864,0.4890221,[98.68421053],0.0066450206,0.05284942
carine_confirm_transactions_noise_noise.wav,unknown,confirm_transaction,noise,2.322,C:\Users\PC\Documents\Formative2-Data-Preprocessing\dataset\audios\augmented\carine_confirm_transactions_noise_noise.wav,-331.5763,30.085007,44.442207,29.524656,22.844795,16.521381,0.07031425,18.958023,5.7840986,11.316331,1.0887611,10.001085,3.8182535,5.3928447,1.3576546,6.048571,4.815656,5.4904585,2.5263832,3.774797,4.521121,4.9648676,1.5982255,6.986883,1.6916461,4.300416,1.3092328,4.7986774,1.0794141,4.515891,-0.89236933,3.9007008,-0.70362556,4.5344505,1.5984303,3.903247,-0.7763984,4.0476036,4.037649,4.70968,3139.854656932783,1025.4835373277242,6227.953767123287,752.8199768139057,2439.526856841031,202.34199860037472,0.2596719820205479,0.14763453678534236,0.008560069,0.005142062,0.018503103,0.003006406,0.40198424,0.41459295,0.47526613,0.5221467,0.5475619,0.4370642,0.4216598,0.53594375,0.6908394,0.7059631,0.53639627,0.41790298,[85.22727273],0.01568546,0.13526392
carine_confirm_transactions_pitch_shift_pitch_shift.wav,unknown,confirm_transaction,pitch_shift,2.322,C:\Users\PC\Documents\Formative2-Data-Preprocessing\dataset\audios\augmented\carine_confirm_transactions_pitch_shift_pitch_shift.wav,-640.2134,178.18819,32.78643,43.62042,13.43311,36.420753,-50.57128,38.066307,-11.310016,25.08531,-13.262272,19.083305,-10.995706,21.068005,-3.6325152,9.549959,-7.9885654,12.265868,-0.63078797,11.743014,-5.4125834,12.732556,-1.4967622,10.661755,-6.559918,11.695944,1.5025959,7.5625253,-4.797938,8.4712,7.905377,5.999173,5.3350544,4.6316824,5.240284,4.6266627,-2.8262472,7.390995,5.655736,7.990225,3025.93240296848,1638.4851091190778,5366.759417808219,2053.3215738205845,2118.757624671986,642.6477166799262,0.2316325984589041,0.2487989686734034,0.0023647721,0.002224842,0.0068703154,0.0,0.30710438,0.44765735,0.35805282,0.2935904,0.28351164,0.21637276,0.24356087,0.41392082,0.48002952,0.3817334,0.31311584,0.20324291,[234.375],0.0020847495,0.01842802
carine_confirm_transactions_pitch_shift_time_stretch.wav,unknown,confirm_transaction,pitch_shift,2.1109375,C:\Users\PC\Documents\Formative2-Data-Preprocessing\dataset\audios\augmented\carine_confirm_transactions_pitch_shift_time_stretch.wav,-631.17267,181.19206,24.215172,43.839264,29.636538,34.15709,-48.66482,41.062553,-14.132117,27.995678,-13.620682,18.530157,-9.806274,18.544527,-4.2110505,11.393042,-6.7415133,10.022005,-4.255705,10.810198,-3.0722134,12.542694,-1.9920368,9.287324,-4.2342606,10.8846,-1.9355721,10.84334,-3.4743953,9.636504,-4.971195,10.056588,4.14407,7.542799,4.009543,4.448602,4.70345,5.8820524,0.45113814,7.4954867,3314.751380929789,1594.7783262572748,6024.029356060606,1676.6557329981913,2232.9317652005093,652.6658337532137,0.2586263020833333,0.24519194410524878,0.0026372485,0.002346712,0.007559507,0.0,0.2757802,0.28148866,0.253131,0.26800275,0.32538834,0.4768238,0.4304556,0.35435718,0.31033456,0.42763343,0.59771675,0.42466113,[234.375],0.0024184838,0.021597479
carine_confirm_transactions_pitch_shift_noise.wav,unknown,confirm_transaction,pitch_shift,2.322,C:\Users\PC\Documents\Formative2-Data-Preprocessing\dataset\audios\augmented\carine_confirm_transactions_pitch_shift_noise.wav,-371.15042,29.609476,49.44459,24.767086,19.180542,16.088797,-2.4175756,18.191229,3.9219759,12.867254,2.5272057,8.451196,2.9162104,8.802665,4.1488237,6.815024,4.9493484,4.760824,4.687281,4.0602436,3.6876643,6.238016,1.5889585,3.447959,-0.8687039,3.9806948,0.6363454,5.0081773,-0.52809644,3.9451632,0.40102428,5.2952237,2.167266,4.5235143,1.077379,4.388185,3.1691165,3.678039,0.30729163,4.705511,2933.829054209212,866.5915595106995,5996.361301369863,793.2027448379839,2413.2974936429873,214.7439960613992,0.2433312821061644,0.14784902346116124,0.005202366,0.002873336,0.012859864,0.0017954176,0.55560094,0.44539255,0.40509903,0.3979875,0.41373008,0.5060243,0.58671045,0.5375377,0.4604909,0.44470522,0.5698595,0.7085244,[125.],0.0065719876,0.059890438
carine_confirm_transactions_time_stretch_pitch_shift.wav,unknown,confirm_transaction,pitch_shift,2.1109375,C:\Users\PC\Documents\Formative2-Data-Preprocessing\dataset\audios\augmented\carine_confirm_transactions_time_stretch_pitch_shift.wav,-633.7555,181.08192,22.395218,42.227497,28.586529,33.00633,-48.933575,38.94894,-15.291761,28.228468,-12.6534395,19.268198,-10.172443,19.899446,-4.332895,11.584178,-5.8864794,7.960307,-4.244573,9.942791,-4.6602807,13.973551,-2.8429265,9.9464655,-5.177633,10.247356,-2.1137578,10.083168,-3.113725,9.1166115,-4.1053076,9.865667,3.2856061,8.172529,5.8295918,5.3719335,6.4054947,5.5583305,0.8085903,7.47661,3521.9014741424603,1394.614722044384,6455.965909090909,1114.0613016474185,2342.212991977882,508.4912980460965,0.2746286103219697,0.23379211584155712,0.0023805534,0.0019687114,0.0053665503,0.0,0.34582102,0.31690165,0.2696511,0.25256726,0.2750547,0.4194468,0.44188333,0.3511301,0.30587757,0.39969778,0.62723094,0.52066296,[125.],0.0017623571,0.013431121
carine_confirm_transactions_time_stretch_time_stretch.wav,unknown,confirm_transaction,time_stretch,1.9190625,C:\Users\PC\Documents\Formative2-Data-Preprocessing\dataset\audios\augmented\carine_confirm_transactions_time_stretch_time_stretch.wav,-624.34766,186.08176,12.844543,44.66432,43.74578,35.300972,-44.81964,40.908737,-17.437447,24.404907,-15.28527,18.653042,-10.538568,15.658753,-6.9454517,15.943507,-4.353164,8.846926,-7.269613,9.456748,-3.360968,8.42042,-3.8894012,15.13314,-5.0360045,10.881406,-5.37769,8.886649,-1.4229145,8.174183,-2.650147,9.780091,-7.66346,9.815697,2.2129855,10.058668,1.0657023,6.2736173,9.14267,5.5824556,3887.8401172969116,1287.650723226399,6796.354166666667,970.8676311672275,2403.7555215262523,617.5522271565811,0.32440592447916666,0.24212617966069083,0.0029523754,0.0023759664,0.0066629103,0.0,0.28479692,0.2377081,0.23425691,0.37286577,0.47179434,0.3774876,0.22245997,0.23458321,0.47917828,0.72602564,0.5704009,0.33511057,[89.28571429],0.002113414,0.015209849
carine_confirm_transactions_time_stretch_noise.wav,unknown,confirm_transaction,time_stretch,2.1109375,C:\Users\PC\Documents\Formative2-Data-Preprocessing\dataset\audios\augmented\carine_confirm_transactions_time_stretch_noise.wav,-371.4744,30.744047,43.306034,26.72905,26.299576,16.882368,-4.0145893,18.489414,4.015418,13.146129,0.5098175,9.508442,4.925554,6.7317476,0.79258114,5.2378664,6.180798,4.7246313,3.1033828,4.115053,4.645714,4.9723988,2.2213392,8.1171665,1.2024279,5.021654,0.59413844,4.364147,1.2259839,5.3051157,-0.28397262,5.4260173,-0.55658436,5.12718,1.5696442,4.054393,-0.8331608,4.2224274,5.630915,4.8233504,3242.657480774252,945.5568721376862,6458.451704545455,689.9641069245262,2510.4562485287056,227.7367155408563,0.2914225260416667,0.16139681474735168,0.005573264,0.0029455035,0.010577468,0.001542175,0.37048963,0.35804573,0.37570697,0.5012952,0.5760994,0.50353104,0.3738017,0.38436958,0.5768975,0.74791694,0.6701871,0.4495766,[93.75],0.0057993657,0.040941123
"carine_yes, approve_noise_pitch_shift.wav",unknown,yes_approve,pitch_shift,1.9505,"C:\Users\PC\Documents\Formative2-Data-Preprocessing\dataset\audios\augmented\carine_yes, approve_noise_pitch_shift.wav",-410.13467,32.202656,53.38477,22.977974,15.232872,14.231256,0.23280896,17.106186,-2.333767,16.004683,-3.0591908,14.295459,5.578205,10.572915,0.98739874,8.3537655,3.427379,5.2295933,7.068397,5.4080253,4.464298,6.97342,5.5650945,4.8677735,2.6552365,4.774346,4.4564695,3.9186358,-1.3724532,4.0291247,0.79752254,5.9146147,-0.36817953,4.1622715,3.9253135,5.6486435,-0.6324169,3.6229758,4.5493693,4.3351083,2846.4996011650846,1125.6244986321944,5697.873975409836,1243.287497955816,2316.1912632536023,282.81796213633044,0.2497438524590164,0.19199762873730333,0.0048794863,0.004427585,0.014631152,0.0012080611,0.51811177,0.43393815,0.39174446,0.38474327,0.42122483,0.63904965,0.50964123,0.38970333,0.432348,0.49540535,0.6857355,0.64925545,[85.22727273],0.0076878406,0.084891275
"carine_yes, approve_noise_time_stretch.wav",unknown,yes_approve,time_stretch,1.7731875,"C:\Users\PC\Documents\Formative2-Data-Preprocessing\dataset\audios\augmented\carine_yes, approve_noise_time_stretch.wav",-401.94833,34.238678,46.361687,27.051672,23.18397,20.438622,-2.5855281,17.466593,4.8464236,15.734755,-7.772885,17.97995,6.744969,7.4676533,-1.3769306,8.734261,2.841722,6.309244,2.5708523,5.2100806,5.754869,4.055329,5.4872165,4.4978943,5.1002936,5.284847,5.392994,4.1371474,2.605703,3.0546534,1.809345,3.5797465,-1.4765843,5.7853875,0.9162893,3.4473836,-0.4450938,4.0725546,0.24309985,3.7613142,3165.1492773718937,1336.1175704310074,6082.449776785715,1015.9038933298027,2380.285191148144,331.0596504066226,0.27467564174107145,0.22755992359748098,0.006859151,0.008566309,0.033985894,0.00093530974,0.4051742,0.39515114,0.40168795,0.5677654,0.47694257,0.3722663,0.38571405,0.42329636,0.57436335,0.7151634,0.7354847,0.56508934,[93.75],0.009827042,0.109177224
"carine_yes, approve_noise_noise.wav",unknown,yes_approve,noise,1.9505,"C:\Users\PC\Documents\Formative2-Data-Preprocessing\dataset\audios\augmented\carine_yes, approve_noise_noise.wav",-341.65262,28.055275,46.43601,23.714542,19.611818,17.87015,1.9244447,15.989012,6.5129204,13.781208,-4.6992183,15.572295,5.8001957,7.583623,0.14314441,6.9471726,3.2654026,4.728227,2.1782258,3.7192147,4.1073627,3.896988,4.0456343,4.546024,3.6777837,4.076495,3.791988,3.3910942,2.0056922,3.7954347,1.8334961,3.390664,-1.1881626,4.9648137,1.5709054,3.5779965,0.2848602,3.6196325,1.0000286,2.9407036,3117.407576720667,1218.6975969311372,6039.959016393443,943.9138718115191,2371.836665908389,288.676486385511,0.2675541111680328,0.19115668704291444,0.01060724,0.013348097,0.05643451,0.0022942743,0.44769922,0.45447984,0.5070517,0.6152818,0.5057794,0.46586213,0.48887047,0.52101845,0.62073857,0.70178264,0.7102476,0.5240762,[81.52173913],0.02326675,0.23780726
"carine_yes, approve_pitch_shift_pitch_shift.wav",unknown,yes_approve,pitch_shift,1.9505,"C:\Users\PC\Documents\Formative2-Data-Preprocessing\dataset\audios\augmented\carine_yes, approve_pitch_shift_pitch_shift.wav",-662.6281,152.24075,42.747997,47.287395,-2.6122026,25.48825,-41.573715,35.961838,-20.748423,30.163408,-11.946464,13.622025,-0.124427326,17.366442,-13.6519165,17.297626,0.58872384,8.949358,7.2468085,10.496469,2.3778415,6.9700885,1.4980689,10.727075,-0.7860255,10.720176,-2.3701532,6.801353,-6.8191576,11.289422,7.7212906,9.146377,5.547135,9.992729,0.030459592,7.0027814,-2.6594546,7.01331,2.4243436,5.964878,2629.6772311126933,1480.3427498755339,4914.190573770492,2328.0306583488923,2110.38531352354,734.8248150131267,0.20009125256147542,0.23596752854480693,0.0023215087,0.0028511821,0.0098095415,0.0,0.35368544,0.46115667,0.46458805,0.3364723,0.27436367,0.26407158,0.2808721,0.58550894,0.49206477,0.30165586,0.3947316,0.3490284,[104.16666667],0.0031622266,0.04042237
"carine_yes, approve_pitch_shift_time_stretch.wav",unknown,yes_approve,pitch_shift,1.7731875,"C:\Users\PC\Documents\Formative2-Data-Preprocessing\dataset\audios\augmented\carine_yes, approve_pitch_shift_time_stretch.wav",-653.79913,153.67216,34.853397,50.04896,14.764877,22.017242,-42.00504,38.83514,-17.701881,26.729696,-22.694775,21.476788,3.8954368,15.049553,-12.696351,18.78442,-5.8798914,9.394537,2.0642033,9.357429,5.5957932,13.271604,2.1393483,5.533837,1.3082302,7.528814,2.4533436,6.2112985,-4.2038836,6.792086,-6.416936,10.654774,3.0490184,6.6910734,5.50134,9.720687,-1.0534589,6.793127,2.058859,5.7076926,3077.3199921329237,1755.4350484800236,5406.389508928572,2411.679509606927,2195.5651553750363,707.0945002149394,0.2605067661830357,0.2777685215476506,0.0027505644,0.003441542,0.010947346,0.0,0.32852092,0.24898185,0.24402669,0.25339907,0.44991824,0.43451506,0.27365154,0.2799904,0.33000135,0.6212974,0.64455926,0.4301165,[110.29411765],0.0033433994,0.047352914
"carine_yes, approve_pitch_shift_noise.wav",unknown,yes_approve,pitch_shift,1.9505,"C:\Users\PC\Documents\Formative2-Data-Preprocessing\dataset\audios\augmented\carine_yes, approve_pitch_shift_noise.wav",-388.436,28.033413,53.51255,19.396936,15.858281,12.466408,0.8945844,14.347679,2.4600868,14.786457,-1.8909764,13.667035,7.7941747,8.562779,0.8181062,7.750173,5.2993093,4.445734,4.617166,4.3097997,6.77958,6.4570436,3.2087655,3.3358488,2.9458923,3.9576132,1.9973322,3.4548347,-0.61531115,4.333537,0.15544957,4.640663,1.249739,4.060007,3.0610466,5.73008,0.39545837,3.5639243,2.114372,4.1599655,2873.8949003898933,1028.0113719895207,5908.939549180328,989.1548638319064,2398.5919654512436,223.3786860146087,0.24334016393442623,0.17777575737939283,0.0052384324,0.004741476,0.017756885,0.0012816153,0.5333608,0.47141263,0.43175006,0.4146892,0.45054665,0.5931424,0.5705757,0.4826122,0.4837527,0.4805974,0.6272595,0.6519084,[85.22727273],0.008259144,0.096760795
"carine_yes, approve_time_stretch_pitch_shift.wav",unknown,yes_approve,pitch_shift,1.7731875,"C:\Users\PC\Documents\Formative2-Data-Preprocessing\dataset\audios\augmented\carine_yes, approve_time_stretch_pitch_shift.wav",-657.1737,155.84402,35.819927,49.370823,14.934427,18.738848,-41.949715,37.125668,-16.461302,25.656694,-22.715366,22.01768,5.2279787,15.340728,-12.13378,18.8176,-4.8964233,8.597951,3.69642,10.674512,4.1203985,11.879683,0.35665745,6.8102174,0.833942,6.8706956,3.3980653,8.076933,-3.6943753,6.900511,-6.7319565,11.182886,3.250439,9.202208,7.306048,9.3902645,-2.1313496,6.341293,2.0261629,4.6121807,3267.3852356711755,1615.8415150597718,5781.529017857143,2185.803792850047,2297.8297847875747,585.1989908785029,0.27839878627232145,0.2713068849709251,0.0025668286,0.0032754403,0.011775178,0.0,0.36822337,0.26449287,0.25274783,0.23728381,0.23672113,0.5193678,0.4601209,0.30156928,0.35154626,0.37695628,0.6092671,0.5837074,[104.16666667],0.0026337767,0.035642065
"carine_yes, approve_time_stretch_time_stretch.wav",unknown,yes_approve,time_stretch,1.612,"C:\Users\PC\Documents\Formative2-Data-Preprocessing\dataset\audios\augmented\carine_yes, approve_time_stretch_time_stretch.wav",-653.79034,168.42021,27.222317,50.78519,32.13704,24.228226,-40.60846,37.469067,-12.0379715,19.774227,-29.870733,30.881487,2.1742215,11.15757,-8.0322485,16.255676,-9.186297,13.892722,-5.113774,10.804456,2.8021252,9.039273,3.147577,7.2354803,0.3129774,6.933257,3.0743713,6.621196,5.2507095,4.97043,-0.46194616,6.76099,-7.9255896,10.549052,3.372152,6.632175,2.4017963,8.44643,0.4870708,6.2879343,3640.5515373812495,1725.845777284003,6171.875,1921.9939336306425,2308.5508596076356,609.1807398138436,0.30392156862745096,0.2847248127032743,0.0041439617,0.0063558933,0.023709739,0.0,0.20175023,0.19878231,0.3115208,0.4261029,0.2657365,0.2256141,0.26252145,0.4482387,0.5945443,0.71475595,0.56648844,0.23580873,[117.1875],0.003598316,0.033148885
"carine_yes, approve_time_stretch_noise.wav",unknown,yes_approve,time_stretch,1.7731875,"C:\Users\PC\Documents\Formative2-Data-Preprocessing\dataset\audios\augmented\carine_yes, approve_time_stretch_noise.wav",-368.7588,27.725546,48.75652,22.238876,21.007494,17.278677,-0.26763585,16.004786,6.0149164,13.505537,-5.7368083,15.601283,6.6738706,7.739788,-0.04771127,7.6444983,4.2168255,5.500801,2.6925893,2.891188,4.2688227,3.8013525,4.559855,5.213121,3.5881748,3.2285357,4.291743,3.518654,1.5712816,3.6976767,1.5971835,2.910434,-0.99306375,4.232625,0.3643603,3.1066747,-0.77482826,3.5707402,1.0900887,3.5400085,3142.3454793731385,1207.473496155403,6099.888392857143,896.9559240272848,2404.1312962436245,273.8437703845718,0.27264404296875,0.1980983647312392,0.0073126117,0.008868345,0.036956877,0.0016487371,0.4310693,0.4222153,0.42233685,0.6053206,0.5475784,0.4148166,0.4218571,0.46323827,0.5653156,0.6982173,0.7241083,0.5630408,[93.75],0.009715052,0.08795031
Eva_confirm_transactions_noise_pitch_shift.wav,unknown,confirm_transaction,pitch_shift,2.261375,C:\Users\PC\Documents\Formative2-Data-Preprocessing\dataset\audios\augmented\Eva_confirm_transactions_noise_pitch_shift.wav,-385.8101,39.52437,82.12612,33.426693,18.118462,15.933061,10.739349,18.384096,-0.905605,11.990679,7.245204,8.557075,-1.6686444,9.7167845,7.2345915,8.268195,0.42304838,5.1506076,9.01807,5.05423,-1.6271433,5.211421,2.2847939,7.3244557,-2.6848636,4.882589,-0.24726586,4.1715055,-4.193477,4.4760537,-1.4525921,5.395926,-4.677181,5.4335938,1.5422672,4.2436833,-2.1796446,4.143918,2.0788922,3.761568,1811.80364746214,740.1089486288317,3890.074823943662,1659.9307007842885,1969.5965016309756,381.147022701687,0.10757317341549295,0.07458615955526039,0.010272676,0.0070799445,0.02601738,0.0015457139,0.3801569,0.41125384,0.40077648,0.42535272,0.3879415,0.4218551,0.54791623,0.6090576,0.5042529,0.4216745,0.44965696,0.44076502,[144.23076923],0.039560437,0.4441525
Eva_confirm_transactions_noise_time_stretch.wav,unknown,confirm_transaction,time_stretch,2.0558125,C:\Users\PC\Documents\Formative2-Data-Preprocessing\dataset\audios\augmented\Eva_confirm_transactions_noise_time_stretch.wav,-381.38943,34.411003,80.03238,32.782566,22.112158,13.063703,12.307609,17.3581,2.148605,12.33135,6.1647573,8.138623,-0.4426318,9.278352,2.9760692,8.342816,1.5910187,7.5283747,6.1969743,4.7944794,4.5559154,5.5446854,0.7142146,5.9535046,1.2134995,6.4508786,-0.3280263,4.991931,0.3752749,4.361735,-0.24126934,4.100033,-3.938685,5.7609015,-2.9701223,4.8318214,-2.6062694,4.579132,0.09229631,4.1636996,1823.8160322860326,724.5183020699199,3955.168269230769,1662.0879044605963,2042.2196037304664,353.2118946175212,0.09237530048076924,0.06702021988038935,0.010781696,0.0068281745,0.025824118,0.0018913844,0.3878161,0.44268557,0.40666628,0.4804193,0.59532106,0.6665794,0.54594046,0.44112912,0.50711906,0.4548154,0.3954878,0.39533672,[170.45454545],0.04026892,0.4166212
Eva_confirm_transactions_noise_noise.wav,unknown,confirm_transaction,noise,2.261375,C:\Users\PC\Documents\Formative2-Data-Preprocessing\dataset\audios\augmented\Eva_confirm_transactions_noise_noise.wav,-333.24387,33.332962,72.05124,29.840197,19.476309,12.510935,13.004265,14.188335,2.9577165,11.063273,5.6785474,7.2986283,0.45764333,7.8494897,3.0400164,7.562628,1.8790637,6.203652,4.4618754,4.944417,3.8136377,4.331362,2.0314434,5.067313,1.360106,5.554534,-0.88985026,3.9211938,-0.05640669,3.8857806,0.92019254,4.0266385,-2.458456,4.633188,-1.7218441,4.0815153,-1.5127233,3.8854177,-0.33923694,3.2316687,2030.6939614021546,701.5894413776049,4467.319542253521,1474.8748004108777,2139.9899760965395,305.81208531685314,0.11407212808098592,0.07060133974997455,0.015017478,0.011240353,0.043593496,0.0022239455,0.4722622,0.49986133,0.44065472,0.45463789,0.54202646,0.65298235,0.5921516,0.5202505,0.5263565,0.55885965,0.4567164,0.48024958,[156.25],0.08709974,0.98316056
Eva_confirm_transactions_pitch_shift_pitch_shift.wav,unknown,confirm_transaction,pitch_shift,2.261375,C:\Users\PC\Documents\Formative2-Data-Preprocessing\dataset\audios\augmented\Eva_confirm_transactions_pitch_shift_pitch_shift.wav,-528.1897,126.270515,115.57139,58.443596,27.189745,34.895535,-2.5819018,23.988653,2.4465942,16.19818,6.988472,12.545911,1.1561785,17.509977,10.77999,8.110736,0.021414628,8.014793,6.951229,6.4942274,-5.7474604,12.373881,2.0115538,5.832616,-4.082073,8.333812,2.6676233,6.301218,-5.0194592,9.569341,0.5569548,6.0599475,1.3676317,4.1601634,1.9741696,6.574614,-2.5862353,5.876759,1.0990779,6.6139255,1355.1384003901667,1065.5386179727222,2685.299295774648,2331.929620259139,1539.2544125321808,724.2369682434413,0.08412879621478873,0.0839545576162554,0.0071825446,0.0053060874,0.018698867,1.6504353e-05,0.35608885,0.4018883,0.31977364,0.32400706,0.3296684,0.36022827,0.34143543,0.29092708,0.37892255,0.58642614,0.45513815,0.39647934,[125.],0.019887252,0.23954621
Eva_confirm_transactions_pitch_shift_time_stretch.wav,unknown,confirm_transaction,pitch_shift,2.0558125,C:\Users\PC\Documents\Formative2-Data-Preprocessing\dataset\audios\augmented\Eva_confirm_transactions_pitch_shift_time_stretch.wav,-530.8743,128.13751,114.3271,61.706234,32.09815,34.162884,3.8930237,24.919449,-2.4686358,15.673668,7.722619,9.280777,-2.9057066,16.814789,12.757161,9.655775,0.6780737,9.353889,8.613627,9.187596,-2.2031558,7.482191,0.8652921,9.269182,-0.96004355,7.0783334,0.11537826,6.9170055,1.2368008,5.9781885,-3.6509936,7.396146,-2.4952075,6.3768744,0.7995643,4.8384895,1.3212258,6.168488,-0.3597556,5.50105,1272.1671854157585,983.9669118087736,2538.1009615384614,2181.028591989017,1503.7596464122262,693.5691950320261,0.07270883413461539,0.07464559513705207,0.007545872,0.0054255906,0.019278472,1.8480132e-05,0.30733228,0.33605388,0.33619854,0.39020973,0.30670834,0.3027173,0.49231848,0.6051766,0.45366582,0.38643277,0.41742188,0.4146091,[144.23076923],0.021277713,0.26509506
Eva_confirm_transactions_pitch_shift_noise.wav,unknown,confirm_transaction,pitch_shift,2.261375,C:\Users\PC\Documents\Formative2-Data-Preprocessing\dataset\audios\augmented\Eva_confirm_transactions_pitch_shift_noise.wav,-367.75186,34.034004,76.29461,30.53984,18.970816,13.945603,10.019478,15.369938,1.5604442,11.218085,5.2902255,8.370514,0.858308,9.347283,5.4708333,7.314482,3.4079382,5.6933293,5.5983624,5.095021,1.348378,5.5636697,0.5193202,6.369298,-1.5393105,3.915012,-0.5575321,3.8886871,-0.8876385,4.218509,-2.9459262,5.086337,-2.209598,4.978662,-0.41060925,3.689166,-0.16579933,4.422617,0.42229944,3.0083752,1949.1485805926943,735.0150327475012,4233.164612676056,1566.4192966024211,2091.120420650186,326.02667009362466,0.11584644586267606,0.07768844135358355,0.010866271,0.007561183,0.028704017,0.0014107018,0.39807197,0.37936422,0.4140424,0.47839642,0.44190413,0.3991255,0.4593028,0.6022922,0.5612154,0.49153453,0.43532035,0.47409788,[156.25],0.043410946,0.4827408
Eva_confirm_transactions_time_stretch_pitch_shift.wav,unknown,confirm_transaction,pitch_shift,2.0558125,C:\Users\PC\Documents\Formative2-Data-Preprocessing\dataset\audios\augmented\Eva_confirm_transactions_time_stretch_pitch_shift.wav,-532.31134,129.59175,115.53357,59.562286,30.813314,32.31958,2.852415,24.985502,-2.9208283,16.26073,9.46194,10.872107,-3.2086976,17.56265,10.820728,9.977762,0.59388,8.721641,10.778343,8.414969,-2.171476,8.017599,0.99398065,8.489792,-0.2529496,5.3833537,-0.43523207,6.3554134,-0.4674449,7.443326,-3.7971234,8.802811,-1.9501774,6.60222,0.9805161,5.0580606,0.83355814,5.668526,-0.1291525,4.389025,1318.1954850148388,1046.06970275081,2571.6346153846152,2204.684633284152,1523.2047678840347,691.7875365691918,0.08347355769230769,0.08639313518109873,0.006866568,0.005182257,0.022764077,1.9706706e-05,0.32230493,0.35767025,0.36560038,0.38600892,0.31801268,0.30879977,0.41794828,0.5625701,0.5162557,0.41407588,0.4362016,0.37915346,[144.23076923],0.017855903,0.19333737
Eva_confirm_transactions_time_stretch_time_stretch.wav,unknown,confirm_transaction,time_stretch,1.8689375,C:\Users\PC\Documents\Formative2-Data-Preprocessing\dataset\audios\augmented\Eva_confirm_transactions_time_stretch_time_stretch.wav,-536.33356,130.51505,111.99104,61.24227,37.279537,30.646194,9.79988,26.730917,-4.0332947,14.980991,9.787224,9.238278,-4.6732855,14.923981,6.9597716,14.006439,1.918503,10.923588,6.422718,6.4631433,6.6246934,9.319084,0.16836749,9.849004,1.899355,6.209959,-1.9468242,5.539071,1.6653169,5.7555203,2.2027473,5.275177,-3.5612555,8.8828125,0.04965493,6.42709,-1.5074569,6.664752,3.4762301,3.975631,1245.3403985497446,985.1526077955542,2432.468220338983,2086.792946689585,1513.938292024461,646.1009220234873,0.0684669623940678,0.07520208707280773,0.00659089,0.0046912557,0.018592216,2.1965585e-05,0.41091245,0.46617225,0.42547712,0.40984917,0.4453956,0.57733417,0.53489584,0.454049,0.43940583,0.429984,0.33515546,0.38774377,[156.25],0.015704444,0.18014678
Eva_confirm_transactions_time_stretch_noise.wav,unknown,confirm_transaction,time_stretch,2.0558125,C:\Users\PC\Documents\Formative2-Data-Preprocessing\dataset\audios\augmented\Eva_confirm_transactions_time_stretch_noise.wav,-358.1374,29.252209,73.790375,26.838573,20.781057,10.537717,13.176044,13.635585,2.6018603,9.744022,5.5982594,7.776617,0.19015533,9.216651,3.2373698,8.665194,1.8024344,6.7491055,5.352538,4.8257294,4.3342786,4.3230968,1.8780463,5.0067625,0.8317289,5.031265,-0.49731135,4.1609383,0.22068699,3.1396005,0.9210412,3.36428,-1.311489,4.9352922,-1.536444,4.671565,-1.3906369,4.654083,-0.29433092,4.149888,2000.3053689557316,659.2942797443433,4474.399038461538,1297.0368206591938,2149.7111289365134,251.4327775747869,0.11630859375,0.07468403504004406,0.009882833,0.0062883683,0.028799543,0.0016575182,0.4528903,0.45361894,0.40642226,0.44960085,0.5556393,0.6180984,0.52655905,0.4730641,0.5224753,0.42735523,0.38989887,0.42965636,[170.45454545],0.03296348,0.339635
"Eva_yes, approve_noise_pitch_shift.wav",unknown,yes_approve,pitch_shift,1.493375,"C:\Users\PC\Documents\Formative2-Data-Preprocessing\dataset\audios\augmented\Eva_yes, approve_noise_pitch_shift.wav",-386.7904,36.248535,82.33841,28.406775,21.481987,16.094278,5.640071,16.62563,-5.579581,11.713618,-0.32528326,12.368462,-4.8834667,7.9151363,1.1555766,8.412645,-3.1070752,8.115837,6.0276036,6.6228004,-1.458019,7.5393577,2.1438186,5.2359676,0.09793399,4.1002135,4.377818,4.1443577,-2.3764632,4.156137,-0.83620834,6.243142,-4.365655,4.4287267,1.8873757,4.381687,-2.223763,5.051114,1.9683663,3.2483878,1924.666340738778,789.1453185771003,4144.946808510638,1796.5647920474198,2029.1562045145781,419.906572875272,0.1344747340425532,0.08059411543305595,0.010652981,0.009675153,0.033850778,0.0016662672,0.3769279,0.3574872,0.35272354,0.40235046,0.41694856,0.4066537,0.33135182,0.3439641,0.5318427,0.69306946,0.67997354,0.4734799,[133.92857143],0.053650685,0.64648366
"Eva_yes, approve_noise_time_stretch.wav",unknown,yes_approve,time_stretch,1.357625,"C:\Users\PC\Documents\Formative2-Data-Preprocessing\dataset\audios\augmented\Eva_yes, approve_noise_time_stretch.wav",-381.0186,30.60078,79.35952,28.38881,26.668709,15.690077,7.5033717,15.567738,-0.5746584,8.612681,-2.7516856,11.270185,-4.6920853,8.154582,-0.060430404,7.0757356,-1.0414894,9.247803,0.7992107,5.9153037,2.2189205,4.633247,0.7480563,6.478571,-0.23899561,3.6786375,1.4347564,2.999349,2.015998,3.4229686,2.5335317,3.3552043,-2.5148041,5.0419216,-2.1936278,5.5030193,-3.3568993,5.2135453,0.98400116,4.333577,2018.5685791873439,864.9234599512068,4396.075581395349,1770.7886962455784,2134.3893252329385,382.8119481668337,0.13804732921511628,0.1073020257108779,0.010182684,0.008195765,0.02758864,0.0016694515,0.35992953,0.37756994,0.37250808,0.35968733,0.31806594,0.3438857,0.52531546,0.6766231,0.69735694,0.5185251,0.42148465,0.380575,[125.],0.043766394,0.48740935
"Eva_yes, approve_noise_noise.wav",unknown,yes_approve,noise,1.493375,"C:\Users\PC\Documents\Formative2-Data-Preprocessing\dataset\audios\augmented\Eva_yes, approve_noise_noise.wav",-334.98758,31.743105,71.10941,28.86664,22.338854,13.065636,9.070349,12.158304,1.4210964,10.498777,0.39860693,9.720995,-2.759558,7.957269,-0.04779409,6.5253468,-1.2915485,7.517138,1.1726274,5.1203594,3.0707695,4.956433,1.252648,5.9145575,0.9685346,4.9101787,3.181252,4.171359,1.5185431,4.063926,0.8325877,3.24591,-2.1441605,4.6321645,-0.95507747,4.165937,-2.6249676,3.803792,0.28436747,4.11854,2191.1961124013737,949.469174940962,4623.337765957447,1717.843039363286,2166.4814802145543,362.79586438308615,0.15904463098404256,0.11339272881843854,0.01625835,0.014940095,0.05009318,0.0019462837,0.42934385,0.4313044,0.40203002,0.40710783,0.37120292,0.38009903,0.52069664,0.6233182,0.635576,0.53266156,0.46574938,0.44759423,[78.125],0.1253336,1.5358349
"Eva_yes, approve_pitch_shift_pitch_shift.wav",unknown,yes_approve,pitch_shift,1.493375,"C:\Users\PC\Documents\Formative2-Data-Preprocessing\dataset\audios\augmented\Eva_yes, approve_pitch_shift_pitch_shift.wav",-523.8559,124.73502,114.16001,50.272903,20.790407,30.927914,-12.773401,16.377472,-10.818262,20.10144,-0.22120719,14.503895,-4.475904,13.554791,2.5868654,7.8213778,-7.8344474,10.215969,10.436524,12.074158,-6.8259606,9.988319,4.260265,5.8099775,0.9970992,4.669503,0.74763775,9.841385,-4.2572446,8.67126,0.2145277,6.060987,1.3729297,6.3598185,0.54386425,7.2141566,-0.23413321,5.1442895,-1.5324316,6.846403,1220.7665675734486,724.9017443602922,2415.059840425532,1969.9867997906254,1535.1720892597777,592.069297641181,0.07200590093085106,0.06028943975331664,0.0075796912,0.006437097,0.023689935,1.3770608e-05,0.45591187,0.33614084,0.28123987,0.2918642,0.34302887,0.357258,0.27476662,0.25157827,0.26360762,0.36658737,0.5761221,0.7018186,[110.29411765],0.025438251,0.29505754
"Eva_yes, approve_pitch_shift_time_stretch.wav",unknown,yes_approve,pitch_shift,1.357625,"C:\Users\PC\Documents\Formative2-Data-Preprocessing\dataset\audios\augmented\Eva_yes, approve_pitch_shift_time_stretch.wav",-530.1425,123.76259,114.40458,54.867043,28.245525,29.791023,-6.5320625,21.069332,-13.930533,17.919128,1.2342857,16.334997,-6.126549,13.347105,2.9754603,6.4922953,-9.897858,14.590251,5.072824,5.4529333,0.2382039,10.81487,-3.5542994,7.2916446,4.8298864,6.5346956,2.1715677,4.9769244,2.5245721,8.35982,-3.2581387,7.5872874,-1.9971088,5.210417,-1.7551665,6.793377,0.38117582,8.155911,1.5435431,3.9502277,1224.4628059978531,886.4758983700752,2365.0072674418607,2110.2531855069187,1519.6242872929615,648.4838287884455,0.07639898255813954,0.08044635231630183,0.008005181,0.007140281,0.023638114,1.4619551e-05,0.3047315,0.3048481,0.31176588,0.3290902,0.29544896,0.26697338,0.26128775,0.29035532,0.43054798,0.67943835,0.71592396,0.42442712,[117.1875],0.029840048,0.37555254
"Eva_yes, approve_pitch_shift_noise.wav",unknown,yes_approve,pitch_shift,1.493375,"C:\Users\PC\Documents\Formative2-Data-Preprocessing\dataset\audios\augmented\Eva_yes, approve_pitch_shift_noise.wav",-357.3294,30.07287,75.71083,23.662464,19.452892,12.566751,5.568343,11.4638,-0.19202577,10.633427,-0.97183275,9.800017,-2.0061297,8.218622,-0.5687263,7.3580713,-0.27438262,5.7931643,3.449654,5.3496103,1.4371693,6.413838,1.2214504,3.4257145,2.2031078,2.4427068,1.5545716,2.8611894,1.9760221,3.2697887,-0.6993675,4.64462,-0.7680471,4.3299212,0.07575425,3.5717683,-0.43203783,4.183543,0.3557351,2.9487658,2052.9441065175274,707.2876894808953,4582.446808510638,1550.3004536236747,2170.76693033731,358.0506820986524,0.12102102726063829,0.06969678162920187,0.011680551,0.009321509,0.031677525,0.0017519848,0.37066764,0.34310037,0.3503003,0.39501613,0.35974613,0.39987767,0.408393,0.41938522,0.52424854,0.6982146,0.69896513,0.49291664,[78.125],0.05694475,0.6072614
"Eva_yes, approve_time_stretch_pitch_shift.wav",unknown,yes_approve,pitch_shift,1.357625,"C:\Users\PC\Documents\Formative2-Data-Preprocessing\dataset\audios\augmented\Eva_yes, approve_time_stretch_pitch_shift.wav",-533.1682,124.80705,115.49748,51.737144,30.142626,29.8569,-4.4862175,21.045427,-11.089574,16.788795,2.073556,14.705204,-7.8047295,15.199111,3.540688,8.2029,-8.190484,15.190215,6.6906915,7.656281,0.57570153,9.46497,-4.7325706,7.8552547,3.4882941,5.387888,1.6475682,4.3024263,1.7640704,8.246186,-3.5569143,8.480597,-0.40085575,4.964155,-0.2737111,4.5987487,0.88132626,7.4582233,2.0295517,4.0604634,1213.8107279708847,839.7539807824058,2410.9738372093025,2125.397494254074,1555.44041796207,645.2883211269613,0.07310592296511628,0.07687891075365227,0.0069864765,0.006098313,0.023322634,1.4145276e-05,0.2785292,0.31443802,0.30590582,0.32743576,0.32580566,0.27951887,0.20022641,0.30622107,0.53637344,0.7236695,0.57851523,0.33693758,[117.1875],0.022286788,0.28310996
"Eva_yes, approve_time_stretch_time_stretch.wav",unknown,yes_approve,time_stretch,1.2341875,"C:\Users\PC\Documents\Formative2-Data-Preprocessing\dataset\audios\augmented\Eva_yes, approve_time_stretch_time_stretch.wav",-529.3124,121.6723,111.22322,56.281136,37.266216,28.672836,0.90465504,25.66221,-10.986012,13.271333,1.443814,12.553924,-6.497161,12.457066,1.6780462,6.8652534,-3.4803193,11.177059,-1.2976238,10.584825,10.057451,10.914155,-3.8846874,8.412895,0.12506956,5.218207,0.9752248,6.0917687,1.0296296,5.847456,4.037398,5.7563667,-4.0224943,8.839296,1.2155958,5.687706,-3.141981,6.24755,2.558573,5.8221126,1220.2820438328279,915.5455229140395,2436.298076923077,2155.729204268413,1580.4628054671705,664.2484788372665,0.07336738782051282,0.08680220477717787,0.0073272297,0.0062768254,0.022464322,1.8517007e-05,0.2912914,0.3097509,0.3873048,0.38541692,0.2574526,0.23896271,0.3875361,0.5935795,0.6447078,0.49722207,0.3104269,0.29342183,[125.],0.02396647,0.35067517
"Eva_yes, approve_time_stretch_noise.wav",unknown,yes_approve,time_stretch,1.357625,"C:\Users\PC\Documents\Formative2-Data-Preprocessing\dataset\audios\augmented\Eva_yes, approve_time_stretch_noise.wav",-372.0835,34.464607,76.07714,26.417618,24.031994,14.997318,7.965361,13.47899,1.6274552,9.167799,0.31136385,10.235361,-2.2753098,8.459883,0.1607066,7.281633,-1.9239421,7.9723635,1.2256001,5.3758307,2.9860215,4.453672,0.4821513,5.7481346,-0.8276313,3.6341016,0.40787187,2.8012938,1.8879478,3.9453151,1.888305,3.4951508,-2.0484254,5.2993445,0.43252426,5.792679,-2.0590148,4.6395435,0.6598084,3.550022,2079.4972544505003,830.4233799743188,4565.770348837209,1604.970788960306,2172.8878728862096,351.5579216113657,0.1377975109011628,0.09743272236411352,0.010345093,0.008609356,0.031950034,0.0015814794,0.3769651,0.39316502,0.40891954,0.4316133,0.32874927,0.37393788,0.5690062,0.6942248,0.64615244,0.50431037,0.3966724,0.36648503,[133.92857143],0.04611549,0.5741047
